<?xml version="1.0" encoding="UTF-8"?>
<UserThesauRequest xmlns="http://www.actia.fr/actidiag/author/thesau" xmlns:xsi="http://www.w3.org/2001/XMLSchema-instance" xsi:schemaLocation="http://www.actia.fr/actidiag/author/thesau UserThesauRequest.xsd">
  <RequestList>
    <Request RequestText="Actionneur Boîte de vitesses position *">
      <RequestContexts>
        <RequestContext>
          <UserInformation UserEMail="hassen.saidani@actia-engineering.tn" UserName="hsaidani"/>
          <OriginalText Sentence="Actionneur Boîte de vitesses position *"/>
          <FileInformations>
            <FileInformation>
              <Markers/>
              <Project ProjectName="JPC_EVC_VD25" ProjectDirectory="\JPC_EVC_VD25"/>
              <File FileName="DIAG_OBJ_EVC_VD25_CLIO5_10230.xml" FileDirectory="CFGECU\DIAG_OBJ_EVC_VD25_CLIO5_10230.xml"/>
            </FileInformation>
          </FileInformations>
          <UsageContext>
            <Contexts/>
          </UsageContext>
          <LegacyThesaurusList/>
          <TargetThesaurusList>
            <TargetThesaurus TargetThesaurusName="DICMD14"/>
          </TargetThesaurusList>
          <Response Identical="false" ProcessingStatus="ToBeProcessed"/>
        </RequestContext>
      </RequestContexts>
    </Request>
    <Request RequestText="Type de panne">
      <RequestContexts>
        <RequestContext>
          <UserInformation UserEMail="hassen.saidani@actia-engineering.tn" UserName="hsaidani"/>
          <OriginalText Sentence="Type de panne"/>
          <FileInformations>
            <FileInformation>
              <Markers/>
              <Project ProjectName="JPC_EVC_VD25" ProjectDirectory="\JPC_EVC_VD25"/>
              <File FileName="DIAG_OBJ_EVC_VD25_CLIO5_10230.xml" FileDirectory="CFGECU\DIAG_OBJ_EVC_VD25_CLIO5_10230.xml"/>
            </FileInformation>
          </FileInformations>
          <UsageContext>
            <Contexts/>
          </UsageContext>
          <LegacyThesaurusList/>
          <TargetThesaurusList>
            <TargetThesaurus TargetThesaurusName="DICMD14"/>
          </TargetThesaurusList>
          <Response Identical="false" ProcessingStatus="ToBeProcessed"/>
        </RequestContext>
      </RequestContexts>
    </Request>
    <Request RequestText="ACC status reçue par le can">
      <RequestContexts>
        <RequestContext>
          <UserInformation UserEMail="hassen.saidani@actia-engineering.tn" UserName="hsaidani"/>
          <OriginalText Sentence="ACC status reçue par le can"/>
          <FileInformations>
            <FileInformation>
              <Markers/>
              <Project ProjectName="JPC_EVC_VD25" ProjectDirectory="\JPC_EVC_VD25"/>
              <File FileName="DIAG_OBJ_EVC_VD25_CLIO5_10230.xml" FileDirectory="CFGECU\DIAG_OBJ_EVC_VD25_CLIO5_10230.xml"/>
            </FileInformation>
          </FileInformations>
          <UsageContext>
            <Contexts/>
          </UsageContext>
          <LegacyThesaurusList/>
          <TargetThesaurusList>
            <TargetThesaurus TargetThesaurusName="DICMD14"/>
          </TargetThesaurusList>
          <Response Identical="false" ProcessingStatus="ToBeProcessed"/>
        </RequestContext>
      </RequestContexts>
    </Request>
    <Request RequestText="Le bouton principal est sur le limiteur de vitesse">
      <RequestContexts>
        <RequestContext>
          <UserInformation UserEMail="hassen.saidani@actia-engineering.tn" UserName="hsaidani"/>
          <OriginalText Sentence="Le bouton principal est sur le limiteur de vitesse"/>
          <FileInformations>
            <FileInformation>
              <Markers/>
              <Project ProjectName="JPC_EVC_VD25" ProjectDirectory="\JPC_EVC_VD25"/>
              <File FileName="DIAG_OBJ_EVC_VD25_CLIO5_10230.xml" FileDirectory="CFGECU\DIAG_OBJ_EVC_VD25_CLIO5_10230.xml"/>
            </FileInformation>
          </FileInformations>
          <UsageContext>
            <Contexts/>
          </UsageContext>
          <LegacyThesaurusList/>
          <TargetThesaurusList>
            <TargetThesaurus TargetThesaurusName="DICMD14"/>
          </TargetThesaurusList>
          <Response Identical="false" ProcessingStatus="ToBeProcessed"/>
        </RequestContext>
      </RequestContexts>
    </Request>
    <Request RequestText="Le bouton principal est sur ACC">
      <RequestContexts>
        <RequestContext>
          <UserInformation UserEMail="hassen.saidani@actia-engineering.tn" UserName="hsaidani"/>
          <OriginalText Sentence="Le bouton principal est sur ACC"/>
          <FileInformations>
            <FileInformation>
              <Markers/>
              <Project ProjectName="JPC_EVC_VD25" ProjectDirectory="\JPC_EVC_VD25"/>
              <File FileName="DIAG_OBJ_EVC_VD25_CLIO5_10230.xml" FileDirectory="CFGECU\DIAG_OBJ_EVC_VD25_CLIO5_10230.xml"/>
            </FileInformation>
          </FileInformations>
          <UsageContext>
            <Contexts/>
          </UsageContext>
          <LegacyThesaurusList/>
          <TargetThesaurusList>
            <TargetThesaurus TargetThesaurusName="DICMD14"/>
          </TargetThesaurusList>
          <Response Identical="false" ProcessingStatus="ToBeProcessed"/>
        </RequestContext>
      </RequestContexts>
    </Request>
    <Request RequestText="En mode freinage uniquement">
      <RequestContexts>
        <RequestContext>
          <UserInformation UserEMail="hassen.saidani@actia-engineering.tn" UserName="hsaidani"/>
          <OriginalText Sentence="En mode freinage uniquement"/>
          <FileInformations>
            <FileInformation>
              <Markers/>
              <Project ProjectName="JPC_EVC_VD25" ProjectDirectory="\JPC_EVC_VD25"/>
              <File FileName="DIAG_OBJ_EVC_VD25_CLIO5_10230.xml" FileDirectory="CFGECU\DIAG_OBJ_EVC_VD25_CLIO5_10230.xml"/>
            </FileInformation>
          </FileInformations>
          <UsageContext>
            <Contexts/>
          </UsageContext>
          <LegacyThesaurusList/>
          <TargetThesaurusList>
            <TargetThesaurus TargetThesaurusName="DICMD14"/>
          </TargetThesaurusList>
          <Response Identical="false" ProcessingStatus="ToBeProcessed"/>
        </RequestContext>
      </RequestContexts>
    </Request>
    <Request RequestText="Position gauche de la fourche secondaire">
      <RequestContexts>
        <RequestContext>
          <UserInformation UserEMail="hassen.saidani@actia-engineering.tn" UserName="hsaidani"/>
          <OriginalText Sentence="Position gauche de la fourche secondaire"/>
          <FileInformations>
            <FileInformation>
              <Markers/>
              <Project ProjectName="JPC_EVC_VD25" ProjectDirectory="\JPC_EVC_VD25"/>
              <File FileName="DIAG_OBJ_EVC_VD25_CLIO5_10230.xml" FileDirectory="CFGECU\DIAG_OBJ_EVC_VD25_CLIO5_10230.xml"/>
            </FileInformation>
          </FileInformations>
          <UsageContext>
            <Contexts/>
          </UsageContext>
          <LegacyThesaurusList/>
          <TargetThesaurusList>
            <TargetThesaurus TargetThesaurusName="DICMD14"/>
          </TargetThesaurusList>
          <Response Identical="false" ProcessingStatus="ToBeProcessed"/>
        </RequestContext>
      </RequestContexts>
    </Request>
    <Request RequestText="Haute tension consignée par clip">
      <RequestContexts>
        <RequestContext>
          <UserInformation UserEMail="hassen.saidani@actia-engineering.tn" UserName="hsaidani"/>
          <OriginalText Sentence="Haute tension consignée par clip"/>
          <FileInformations>
            <FileInformation>
              <Markers/>
              <Project ProjectName="JPC_EVC_VD25" ProjectDirectory="\JPC_EVC_VD25"/>
              <File FileName="DIAG_OBJ_EVC_VD25_CLIO5_10230.xml" FileDirectory="CFGECU\DIAG_OBJ_EVC_VD25_CLIO5_10230.xml"/>
            </FileInformation>
          </FileInformations>
          <UsageContext>
            <Contexts/>
          </UsageContext>
          <LegacyThesaurusList/>
          <TargetThesaurusList>
            <TargetThesaurus TargetThesaurusName="DICMD14"/>
          </TargetThesaurusList>
          <Response Identical="false" ProcessingStatus="ToBeProcessed"/>
        </RequestContext>
      </RequestContexts>
    </Request>
    <Request RequestText="Compteur de défaut de déconnexion">
      <RequestContexts>
        <RequestContext>
          <UserInformation UserEMail="hassen.saidani@actia-engineering.tn" UserName="hsaidani"/>
          <OriginalText Sentence="Compteur de défaut de déconnexion"/>
          <FileInformations>
            <FileInformation>
              <Markers/>
              <Project ProjectName="JPC_EVC_VD25" ProjectDirectory="\JPC_EVC_VD25"/>
              <File FileName="DIAG_OBJ_EVC_VD25_CLIO5_10230.xml" FileDirectory="CFGECU\DIAG_OBJ_EVC_VD25_CLIO5_10230.xml"/>
            </FileInformation>
          </FileInformations>
          <UsageContext>
            <Contexts/>
          </UsageContext>
          <LegacyThesaurusList/>
          <TargetThesaurusList>
            <TargetThesaurus TargetThesaurusName="DICMD14"/>
          </TargetThesaurusList>
          <Response Identical="false" ProcessingStatus="ToBeProcessed"/>
        </RequestContext>
      </RequestContexts>
    </Request>
    <Request RequestText="Interlock externe chargeur circuit charge *">
      <RequestContexts>
        <RequestContext>
          <UserInformation UserEMail="hassen.saidani@actia-engineering.tn" UserName="hsaidani"/>
          <OriginalText Sentence="Interlock externe chargeur circuit charge DC"/>
          <FileInformations>
            <FileInformation>
              <Markers/>
              <Project ProjectName="JPC_EVC_VD25" ProjectDirectory="\JPC_EVC_VD25"/>
              <File FileName="DIAG_OBJ_EVC_VD25_CLIO5_10230.xml" FileDirectory="CFGECU\DIAG_OBJ_EVC_VD25_CLIO5_10230.xml"/>
            </FileInformation>
          </FileInformations>
          <UsageContext>
            <Contexts/>
          </UsageContext>
          <LegacyThesaurusList/>
          <TargetThesaurusList>
            <TargetThesaurus TargetThesaurusName="DICMD14"/>
          </TargetThesaurusList>
          <Response Identical="false" ProcessingStatus="ToBeProcessed"/>
        </RequestContext>
      </RequestContexts>
    </Request>
    <Request RequestText="Interlock moteur électrique auxiliaire">
      <RequestContexts>
        <RequestContext>
          <UserInformation UserEMail="hassen.saidani@actia-engineering.tn" UserName="hsaidani"/>
          <OriginalText Sentence="Interlock moteur électrique auxiliaire"/>
          <FileInformations>
            <FileInformation>
              <Markers/>
              <Project ProjectName="JPC_EVC_VD25" ProjectDirectory="\JPC_EVC_VD25"/>
              <File FileName="DIAG_OBJ_EVC_VD25_CLIO5_10230.xml" FileDirectory="CFGECU\DIAG_OBJ_EVC_VD25_CLIO5_10230.xml"/>
            </FileInformation>
          </FileInformations>
          <UsageContext>
            <Contexts/>
          </UsageContext>
          <LegacyThesaurusList/>
          <TargetThesaurusList>
            <TargetThesaurus TargetThesaurusName="DICMD14"/>
          </TargetThesaurusList>
          <Response Identical="false" ProcessingStatus="ToBeProcessed"/>
        </RequestContext>
      </RequestContexts>
    </Request>
    <Request RequestText="Interlock trappe accès batterie de traction">
      <RequestContexts>
        <RequestContext>
          <UserInformation UserEMail="hassen.saidani@actia-engineering.tn" UserName="hsaidani"/>
          <OriginalText Sentence="Interlock trappe accès batterie de traction"/>
          <FileInformations>
            <FileInformation>
              <Markers/>
              <Project ProjectName="JPC_EVC_VD25" ProjectDirectory="\JPC_EVC_VD25"/>
              <File FileName="DIAG_OBJ_EVC_VD25_CLIO5_10230.xml" FileDirectory="CFGECU\DIAG_OBJ_EVC_VD25_CLIO5_10230.xml"/>
            </FileInformation>
          </FileInformations>
          <UsageContext>
            <Contexts/>
          </UsageContext>
          <LegacyThesaurusList/>
          <TargetThesaurusList>
            <TargetThesaurus TargetThesaurusName="DICMD14"/>
          </TargetThesaurusList>
          <Response Identical="false" ProcessingStatus="ToBeProcessed"/>
        </RequestContext>
      </RequestContexts>
    </Request>
    <Request RequestText="Relais batterie de traction">
      <RequestContexts>
        <RequestContext>
          <UserInformation UserEMail="hassen.saidani@actia-engineering.tn" UserName="hsaidani"/>
          <OriginalText Sentence="Relais batterie de traction"/>
          <FileInformations>
            <FileInformation>
              <Markers/>
              <Project ProjectName="JPC_EVC_VD25" ProjectDirectory="\JPC_EVC_VD25"/>
              <File FileName="DIAG_OBJ_EVC_VD25_CLIO5_10230.xml" FileDirectory="CFGECU\DIAG_OBJ_EVC_VD25_CLIO5_10230.xml"/>
            </FileInformation>
          </FileInformations>
          <UsageContext>
            <Contexts/>
          </UsageContext>
          <LegacyThesaurusList/>
          <TargetThesaurusList>
            <TargetThesaurus TargetThesaurusName="DICMD14"/>
          </TargetThesaurusList>
          <Response Identical="false" ProcessingStatus="ToBeProcessed"/>
        </RequestContext>
      </RequestContexts>
    </Request>
    <Request RequestText="Courant mesuré par onduleur auxiliaire">
      <RequestContexts>
        <RequestContext>
          <UserInformation UserEMail="hassen.saidani@actia-engineering.tn" UserName="hsaidani"/>
          <OriginalText Sentence="Courant mesuré par onduleur auxiliaire"/>
          <FileInformations>
            <FileInformation>
              <Markers/>
              <Project ProjectName="JPC_EVC_VD25" ProjectDirectory="\JPC_EVC_VD25"/>
              <File FileName="DIAG_OBJ_EVC_VD25_CLIO5_10230.xml" FileDirectory="CFGECU\DIAG_OBJ_EVC_VD25_CLIO5_10230.xml"/>
            </FileInformation>
          </FileInformations>
          <UsageContext>
            <Contexts/>
          </UsageContext>
          <LegacyThesaurusList/>
          <TargetThesaurusList>
            <TargetThesaurus TargetThesaurusName="DICMD14"/>
          </TargetThesaurusList>
          <Response Identical="false" ProcessingStatus="ToBeProcessed"/>
        </RequestContext>
      </RequestContexts>
    </Request>
    <Request RequestText="Consigne position du sélecteur">
      <RequestContexts>
        <RequestContext>
          <UserInformation UserEMail="hassen.saidani@actia-engineering.tn" UserName="hsaidani"/>
          <OriginalText Sentence="Consigne position du sélecteur"/>
          <FileInformations>
            <FileInformation>
              <Markers/>
              <Project ProjectName="JPC_EVC_VD25" ProjectDirectory="\JPC_EVC_VD25"/>
              <File FileName="DIAG_OBJ_EVC_VD25_CLIO5_10230.xml" FileDirectory="CFGECU\DIAG_OBJ_EVC_VD25_CLIO5_10230.xml"/>
            </FileInformation>
          </FileInformations>
          <UsageContext>
            <Contexts/>
          </UsageContext>
          <LegacyThesaurusList/>
          <TargetThesaurusList>
            <TargetThesaurus TargetThesaurusName="DICMD14"/>
          </TargetThesaurusList>
          <Response Identical="false" ProcessingStatus="ToBeProcessed"/>
        </RequestContext>
      </RequestContexts>
    </Request>
    <Request RequestText="Fonction parc automatique">
      <RequestContexts>
        <RequestContext>
          <UserInformation UserEMail="hassen.saidani@actia-engineering.tn" UserName="hsaidani"/>
          <OriginalText Sentence="Fonction parc automatique"/>
          <FileInformations>
            <FileInformation>
              <Markers/>
              <Project ProjectName="JPC_EVC_VD25" ProjectDirectory="\JPC_EVC_VD25"/>
              <File FileName="DIAG_OBJ_EVC_VD25_CLIO5_10230.xml" FileDirectory="CFGECU\DIAG_OBJ_EVC_VD25_CLIO5_10230.xml"/>
            </FileInformation>
          </FileInformations>
          <UsageContext>
            <Contexts/>
          </UsageContext>
          <LegacyThesaurusList/>
          <TargetThesaurusList>
            <TargetThesaurus TargetThesaurusName="DICMD14"/>
          </TargetThesaurusList>
          <Response Identical="false" ProcessingStatus="ToBeProcessed"/>
        </RequestContext>
      </RequestContexts>
    </Request>
    <Request RequestText="Courant mesure par onduleur principal">
      <RequestContexts>
        <RequestContext>
          <UserInformation UserEMail="hassen.saidani@actia-engineering.tn" UserName="hsaidani"/>
          <OriginalText Sentence="Courant mesure par onduleur principal"/>
          <FileInformations>
            <FileInformation>
              <Markers/>
              <Project ProjectName="JPC_EVC_VD25" ProjectDirectory="\JPC_EVC_VD25"/>
              <File FileName="DIAG_OBJ_EVC_VD25_CLIO5_10230.xml" FileDirectory="CFGECU\DIAG_OBJ_EVC_VD25_CLIO5_10230.xml"/>
            </FileInformation>
          </FileInformations>
          <UsageContext>
            <Contexts/>
          </UsageContext>
          <LegacyThesaurusList/>
          <TargetThesaurusList>
            <TargetThesaurus TargetThesaurusName="DICMD14"/>
          </TargetThesaurusList>
          <Response Identical="false" ProcessingStatus="ToBeProcessed"/>
        </RequestContext>
      </RequestContexts>
    </Request>
    <Request RequestText="Position droite de la fourche secondaire">
      <RequestContexts>
        <RequestContext>
          <UserInformation UserEMail="hassen.saidani@actia-engineering.tn" UserName="hsaidani"/>
          <OriginalText Sentence="Position droite de la fourche secondaire"/>
          <FileInformations>
            <FileInformation>
              <Markers/>
              <Project ProjectName="JPC_EVC_VD25" ProjectDirectory="\JPC_EVC_VD25"/>
              <File FileName="DIAG_OBJ_EVC_VD25_CLIO5_10230.xml" FileDirectory="CFGECU\DIAG_OBJ_EVC_VD25_CLIO5_10230.xml"/>
            </FileInformation>
          </FileInformations>
          <UsageContext>
            <Contexts/>
          </UsageContext>
          <LegacyThesaurusList/>
          <TargetThesaurusList>
            <TargetThesaurus TargetThesaurusName="DICMD14"/>
          </TargetThesaurusList>
          <Response Identical="false" ProcessingStatus="ToBeProcessed"/>
        </RequestContext>
      </RequestContexts>
    </Request>
    <Request RequestText="Position gauche de l'actuateur secondaire">
      <RequestContexts>
        <RequestContext>
          <UserInformation UserEMail="hassen.saidani@actia-engineering.tn" UserName="hsaidani"/>
          <OriginalText Sentence="Position gauche de l'actuateur secondaire"/>
          <FileInformations>
            <FileInformation>
              <Markers/>
              <Project ProjectName="JPC_EVC_VD25" ProjectDirectory="\JPC_EVC_VD25"/>
              <File FileName="DIAG_OBJ_EVC_VD25_CLIO5_10230.xml" FileDirectory="CFGECU\DIAG_OBJ_EVC_VD25_CLIO5_10230.xml"/>
            </FileInformation>
          </FileInformations>
          <UsageContext>
            <Contexts/>
          </UsageContext>
          <LegacyThesaurusList/>
          <TargetThesaurusList>
            <TargetThesaurus TargetThesaurusName="DICMD14"/>
          </TargetThesaurusList>
          <Response Identical="false" ProcessingStatus="ToBeProcessed"/>
        </RequestContext>
      </RequestContexts>
    </Request>
    <Request RequestText="Position droite de l'actuateur secondaire">
      <RequestContexts>
        <RequestContext>
          <UserInformation UserEMail="hassen.saidani@actia-engineering.tn" UserName="hsaidani"/>
          <OriginalText Sentence="Position droite de l'actuateur secondaire"/>
          <FileInformations>
            <FileInformation>
              <Markers/>
              <Project ProjectName="JPC_EVC_VD25" ProjectDirectory="\JPC_EVC_VD25"/>
              <File FileName="DIAG_OBJ_EVC_VD25_CLIO5_10230.xml" FileDirectory="CFGECU\DIAG_OBJ_EVC_VD25_CLIO5_10230.xml"/>
            </FileInformation>
          </FileInformations>
          <UsageContext>
            <Contexts/>
          </UsageContext>
          <LegacyThesaurusList/>
          <TargetThesaurusList>
            <TargetThesaurus TargetThesaurusName="DICMD14"/>
          </TargetThesaurusList>
          <Response Identical="false" ProcessingStatus="ToBeProcessed"/>
        </RequestContext>
      </RequestContexts>
    </Request>
    <Request RequestText="Position inférieure gauche fourche primaire">
      <RequestContexts>
        <RequestContext>
          <UserInformation UserEMail="hassen.saidani@actia-engineering.tn" UserName="hsaidani"/>
          <OriginalText Sentence="Position inférieure gauche fourche primaire"/>
          <FileInformations>
            <FileInformation>
              <Markers/>
              <Project ProjectName="JPC_EVC_VD25" ProjectDirectory="\JPC_EVC_VD25"/>
              <File FileName="DIAG_OBJ_EVC_VD25_CLIO5_10230.xml" FileDirectory="CFGECU\DIAG_OBJ_EVC_VD25_CLIO5_10230.xml"/>
            </FileInformation>
          </FileInformations>
          <UsageContext>
            <Contexts/>
          </UsageContext>
          <LegacyThesaurusList/>
          <TargetThesaurusList>
            <TargetThesaurus TargetThesaurusName="DICMD14"/>
          </TargetThesaurusList>
          <Response Identical="false" ProcessingStatus="ToBeProcessed"/>
        </RequestContext>
      </RequestContexts>
    </Request>
    <Request RequestText="Position inférieure droite fourche primaire">
      <RequestContexts>
        <RequestContext>
          <UserInformation UserEMail="hassen.saidani@actia-engineering.tn" UserName="hsaidani"/>
          <OriginalText Sentence="Position inférieure droite fourche primaire"/>
          <FileInformations>
            <FileInformation>
              <Markers/>
              <Project ProjectName="JPC_EVC_VD25" ProjectDirectory="\JPC_EVC_VD25"/>
              <File FileName="DIAG_OBJ_EVC_VD25_CLIO5_10230.xml" FileDirectory="CFGECU\DIAG_OBJ_EVC_VD25_CLIO5_10230.xml"/>
            </FileInformation>
          </FileInformations>
          <UsageContext>
            <Contexts/>
          </UsageContext>
          <LegacyThesaurusList/>
          <TargetThesaurusList>
            <TargetThesaurus TargetThesaurusName="DICMD14"/>
          </TargetThesaurusList>
          <Response Identical="false" ProcessingStatus="ToBeProcessed"/>
        </RequestContext>
      </RequestContexts>
    </Request>
    <Request RequestText="Position inférieure gauche actuateur primaire">
      <RequestContexts>
        <RequestContext>
          <UserInformation UserEMail="hassen.saidani@actia-engineering.tn" UserName="hsaidani"/>
          <OriginalText Sentence="Position inférieure gauche actuateur primaire"/>
          <FileInformations>
            <FileInformation>
              <Markers/>
              <Project ProjectName="JPC_EVC_VD25" ProjectDirectory="\JPC_EVC_VD25"/>
              <File FileName="DIAG_OBJ_EVC_VD25_CLIO5_10230.xml" FileDirectory="CFGECU\DIAG_OBJ_EVC_VD25_CLIO5_10230.xml"/>
            </FileInformation>
          </FileInformations>
          <UsageContext>
            <Contexts/>
          </UsageContext>
          <LegacyThesaurusList/>
          <TargetThesaurusList>
            <TargetThesaurus TargetThesaurusName="DICMD14"/>
          </TargetThesaurusList>
          <Response Identical="false" ProcessingStatus="ToBeProcessed"/>
        </RequestContext>
      </RequestContexts>
    </Request>
    <Request RequestText="Position inférieure droit actuateur primaire">
      <RequestContexts>
        <RequestContext>
          <UserInformation UserEMail="hassen.saidani@actia-engineering.tn" UserName="hsaidani"/>
          <OriginalText Sentence="Position inférieure droit actuateur primaire"/>
          <FileInformations>
            <FileInformation>
              <Markers/>
              <Project ProjectName="JPC_EVC_VD25" ProjectDirectory="\JPC_EVC_VD25"/>
              <File FileName="DIAG_OBJ_EVC_VD25_CLIO5_10230.xml" FileDirectory="CFGECU\DIAG_OBJ_EVC_VD25_CLIO5_10230.xml"/>
            </FileInformation>
          </FileInformations>
          <UsageContext>
            <Contexts/>
          </UsageContext>
          <LegacyThesaurusList/>
          <TargetThesaurusList>
            <TargetThesaurus TargetThesaurusName="DICMD14"/>
          </TargetThesaurusList>
          <Response Identical="false" ProcessingStatus="ToBeProcessed"/>
        </RequestContext>
      </RequestContexts>
    </Request>
    <Request RequestText="Décalage mémorisé sur la sélection">
      <RequestContexts>
        <RequestContext>
          <UserInformation UserEMail="hassen.saidani@actia-engineering.tn" UserName="hsaidani"/>
          <OriginalText Sentence="Décalage mémorisé sur la sélection"/>
          <FileInformations>
            <FileInformation>
              <Markers/>
              <Project ProjectName="JPC_EVC_VD25" ProjectDirectory="\JPC_EVC_VD25"/>
              <File FileName="DIAG_OBJ_EVC_VD25_CLIO5_10230.xml" FileDirectory="CFGECU\DIAG_OBJ_EVC_VD25_CLIO5_10230.xml"/>
            </FileInformation>
          </FileInformations>
          <UsageContext>
            <Contexts/>
          </UsageContext>
          <LegacyThesaurusList/>
          <TargetThesaurusList>
            <TargetThesaurus TargetThesaurusName="DICMD14"/>
          </TargetThesaurusList>
          <Response Identical="false" ProcessingStatus="ToBeProcessed"/>
        </RequestContext>
      </RequestContexts>
    </Request>
    <Request RequestText="Seuil de sélection élevé">
      <RequestContexts>
        <RequestContext>
          <UserInformation UserEMail="hassen.saidani@actia-engineering.tn" UserName="hsaidani"/>
          <OriginalText Sentence="Seuil de sélection élevé"/>
          <FileInformations>
            <FileInformation>
              <Markers/>
              <Project ProjectName="JPC_EVC_VD25" ProjectDirectory="\JPC_EVC_VD25"/>
              <File FileName="DIAG_OBJ_EVC_VD25_CLIO5_10230.xml" FileDirectory="CFGECU\DIAG_OBJ_EVC_VD25_CLIO5_10230.xml"/>
            </FileInformation>
          </FileInformations>
          <UsageContext>
            <Contexts/>
          </UsageContext>
          <LegacyThesaurusList/>
          <TargetThesaurusList>
            <TargetThesaurus TargetThesaurusName="DICMD14"/>
          </TargetThesaurusList>
          <Response Identical="false" ProcessingStatus="ToBeProcessed"/>
        </RequestContext>
      </RequestContexts>
    </Request>
    <Request RequestText="Position basse de la griffe primaire">
      <RequestContexts>
        <RequestContext>
          <UserInformation UserEMail="hassen.saidani@actia-engineering.tn" UserName="hsaidani"/>
          <OriginalText Sentence="Position basse de la griffe primaire"/>
          <FileInformations>
            <FileInformation>
              <Markers/>
              <Project ProjectName="JPC_EVC_VD25" ProjectDirectory="\JPC_EVC_VD25"/>
              <File FileName="DIAG_OBJ_EVC_VD25_CLIO5_10230.xml" FileDirectory="CFGECU\DIAG_OBJ_EVC_VD25_CLIO5_10230.xml"/>
            </FileInformation>
          </FileInformations>
          <UsageContext>
            <Contexts/>
          </UsageContext>
          <LegacyThesaurusList/>
          <TargetThesaurusList>
            <TargetThesaurus TargetThesaurusName="DICMD14"/>
          </TargetThesaurusList>
          <Response Identical="false" ProcessingStatus="ToBeProcessed"/>
        </RequestContext>
      </RequestContexts>
    </Request>
    <Request RequestText="Position haute de la griffe primaire">
      <RequestContexts>
        <RequestContext>
          <UserInformation UserEMail="hassen.saidani@actia-engineering.tn" UserName="hsaidani"/>
          <OriginalText Sentence="Position haute de la griffe primaire"/>
          <FileInformations>
            <FileInformation>
              <Markers/>
              <Project ProjectName="JPC_EVC_VD25" ProjectDirectory="\JPC_EVC_VD25"/>
              <File FileName="DIAG_OBJ_EVC_VD25_CLIO5_10230.xml" FileDirectory="CFGECU\DIAG_OBJ_EVC_VD25_CLIO5_10230.xml"/>
            </FileInformation>
          </FileInformations>
          <UsageContext>
            <Contexts/>
          </UsageContext>
          <LegacyThesaurusList/>
          <TargetThesaurusList>
            <TargetThesaurus TargetThesaurusName="DICMD14"/>
          </TargetThesaurusList>
          <Response Identical="false" ProcessingStatus="ToBeProcessed"/>
        </RequestContext>
      </RequestContexts>
    </Request>
    <Request RequestText="Position de la griffe secondaire">
      <RequestContexts>
        <RequestContext>
          <UserInformation UserEMail="hassen.saidani@actia-engineering.tn" UserName="hsaidani"/>
          <OriginalText Sentence="Position de la griffe secondaire"/>
          <FileInformations>
            <FileInformation>
              <Markers/>
              <Project ProjectName="JPC_EVC_VD25" ProjectDirectory="\JPC_EVC_VD25"/>
              <File FileName="DIAG_OBJ_EVC_VD25_CLIO5_10230.xml" FileDirectory="CFGECU\DIAG_OBJ_EVC_VD25_CLIO5_10230.xml"/>
            </FileInformation>
          </FileInformations>
          <UsageContext>
            <Contexts/>
          </UsageContext>
          <LegacyThesaurusList/>
          <TargetThesaurusList>
            <TargetThesaurus TargetThesaurusName="DICMD14"/>
          </TargetThesaurusList>
          <Response Identical="false" ProcessingStatus="ToBeProcessed"/>
        </RequestContext>
      </RequestContexts>
    </Request>
    <Request RequestText="Consigne position de la griffe primaire">
      <RequestContexts>
        <RequestContext>
          <UserInformation UserEMail="hassen.saidani@actia-engineering.tn" UserName="hsaidani"/>
          <OriginalText Sentence="Consigne position de la griffe primaire"/>
          <FileInformations>
            <FileInformation>
              <Markers/>
              <Project ProjectName="JPC_EVC_VD25" ProjectDirectory="\JPC_EVC_VD25"/>
              <File FileName="DIAG_OBJ_EVC_VD25_CLIO5_10230.xml" FileDirectory="CFGECU\DIAG_OBJ_EVC_VD25_CLIO5_10230.xml"/>
            </FileInformation>
          </FileInformations>
          <UsageContext>
            <Contexts/>
          </UsageContext>
          <LegacyThesaurusList/>
          <TargetThesaurusList>
            <TargetThesaurus TargetThesaurusName="DICMD14"/>
          </TargetThesaurusList>
          <Response Identical="false" ProcessingStatus="ToBeProcessed"/>
        </RequestContext>
      </RequestContexts>
    </Request>
    <Request RequestText="Consigne position de la griffe secondaire">
      <RequestContexts>
        <RequestContext>
          <UserInformation UserEMail="hassen.saidani@actia-engineering.tn" UserName="hsaidani"/>
          <OriginalText Sentence="Consigne position de la griffe secondaire"/>
          <FileInformations>
            <FileInformation>
              <Markers/>
              <Project ProjectName="JPC_EVC_VD25" ProjectDirectory="\JPC_EVC_VD25"/>
              <File FileName="DIAG_OBJ_EVC_VD25_CLIO5_10230.xml" FileDirectory="CFGECU\DIAG_OBJ_EVC_VD25_CLIO5_10230.xml"/>
            </FileInformation>
          </FileInformations>
          <UsageContext>
            <Contexts/>
          </UsageContext>
          <LegacyThesaurusList/>
          <TargetThesaurusList>
            <TargetThesaurus TargetThesaurusName="DICMD14"/>
          </TargetThesaurusList>
          <Response Identical="false" ProcessingStatus="ToBeProcessed"/>
        </RequestContext>
      </RequestContexts>
    </Request>
    <Request RequestText="HEVC can circuit">
      <RequestContexts>
        <RequestContext>
          <UserInformation UserEMail="hassen.saidani@actia-engineering.tn" UserName="hsaidani"/>
          <OriginalText Sentence="HEVC can circuit"/>
          <FileInformations>
            <FileInformation>
              <Markers/>
              <Project ProjectName="JPC_EVC_VD25" ProjectDirectory="\JPC_EVC_VD25"/>
              <File FileName="DIAG_OBJ_EVC_VD25_CLIO5_10230.xml" FileDirectory="CFGECU\DIAG_OBJ_EVC_VD25_CLIO5_10230.xml"/>
            </FileInformation>
          </FileInformations>
          <UsageContext>
            <Contexts/>
          </UsageContext>
          <LegacyThesaurusList/>
          <TargetThesaurusList>
            <TargetThesaurus TargetThesaurusName="DICMD14"/>
          </TargetThesaurusList>
          <Response Identical="false" ProcessingStatus="ToBeProcessed"/>
        </RequestContext>
      </RequestContexts>
    </Request>
   
    <Request RequestText="Couple sécuritaire moteur thermique">
      <RequestContexts>
        <RequestContext>
          <UserInformation UserEMail="hassen.saidani@actia-engineering.tn" UserName="hsaidani"/>
          <OriginalText Sentence="Couple sécuritaire moteur thermique"/>
          <FileInformations>
            <FileInformation>
              <Markers/>
              <Project ProjectName="JPC_EVC_VD25" ProjectDirectory="\JPC_EVC_VD25"/>
              <File FileName="DIAG_OBJ_EVC_VD25_CLIO5_10230.xml" FileDirectory="CFGECU\DIAG_OBJ_EVC_VD25_CLIO5_10230.xml"/>
            </FileInformation>
          </FileInformations>
          <UsageContext>
            <Contexts/>
          </UsageContext>
          <LegacyThesaurusList/>
          <TargetThesaurusList>
            <TargetThesaurus TargetThesaurusName="DICMD14"/>
          </TargetThesaurusList>
          <Response Identical="false" ProcessingStatus="ToBeProcessed"/>
        </RequestContext>
      </RequestContexts>
    </Request>
    <Request RequestText="Couple sécuritaire machine électrique">
      <RequestContexts>
        <RequestContext>
          <UserInformation UserEMail="hassen.saidani@actia-engineering.tn" UserName="hsaidani"/>
          <OriginalText Sentence="Couple sécuritaire machine électrique"/>
          <FileInformations>
            <FileInformation>
              <Markers/>
              <Project ProjectName="JPC_EVC_VD25" ProjectDirectory="\JPC_EVC_VD25"/>
              <File FileName="DIAG_OBJ_EVC_VD25_CLIO5_10230.xml" FileDirectory="CFGECU\DIAG_OBJ_EVC_VD25_CLIO5_10230.xml"/>
            </FileInformation>
          </FileInformations>
          <UsageContext>
            <Contexts/>
          </UsageContext>
          <LegacyThesaurusList/>
          <TargetThesaurusList>
            <TargetThesaurus TargetThesaurusName="DICMD14"/>
          </TargetThesaurusList>
          <Response Identical="false" ProcessingStatus="ToBeProcessed"/>
        </RequestContext>
      </RequestContexts>
    </Request>
    <Request RequestText="Couple sécuritaire alterno démarreur">
      <RequestContexts>
        <RequestContext>
          <UserInformation UserEMail="hassen.saidani@actia-engineering.tn" UserName="hsaidani"/>
          <OriginalText Sentence="Couple sécuritaire alterno démarreur"/>
          <FileInformations>
            <FileInformation>
              <Markers/>
              <Project ProjectName="JPC_EVC_VD25" ProjectDirectory="\JPC_EVC_VD25"/>
              <File FileName="DIAG_OBJ_EVC_VD25_CLIO5_10230.xml" FileDirectory="CFGECU\DIAG_OBJ_EVC_VD25_CLIO5_10230.xml"/>
            </FileInformation>
          </FileInformations>
          <UsageContext>
            <Contexts/>
          </UsageContext>
          <LegacyThesaurusList/>
          <TargetThesaurusList>
            <TargetThesaurus TargetThesaurusName="DICMD14"/>
          </TargetThesaurusList>
          <Response Identical="false" ProcessingStatus="ToBeProcessed"/>
        </RequestContext>
      </RequestContexts>
    </Request>
    <Request RequestText="Information du sonar non reçue par *">
      <RequestContexts>
        <RequestContext>
          <UserInformation UserEMail="hassen.saidani@actia-engineering.tn" UserName="hsaidani"/>
          <OriginalText Sentence="Information du sonar non reçue par *"/>
          <FileInformations>
            <FileInformation>
              <Markers/>
              <Project ProjectName="JPC_EVC_VD25" ProjectDirectory="\JPC_EVC_VD25"/>
              <File FileName="DIAG_OBJ_EVC_VD25_CLIO5_10230.xml" FileDirectory="CFGECU\DIAG_OBJ_EVC_VD25_CLIO5_10230.xml"/>
            </FileInformation>
          </FileInformations>
          <UsageContext>
            <Contexts/>
          </UsageContext>
          <LegacyThesaurusList/>
          <TargetThesaurusList>
            <TargetThesaurus TargetThesaurusName="DICMD14"/>
          </TargetThesaurusList>
          <Response Identical="false" ProcessingStatus="ToBeProcessed"/>
        </RequestContext>
      </RequestContexts>
    </Request>
    <Request RequestText="Programmation Boite de vitesse">
      <RequestContexts>
        <RequestContext>
          <UserInformation UserEMail="hassen.saidani@actia-engineering.tn" UserName="hsaidani"/>
          <OriginalText Sentence="Programmation Boite de vitesse"/>
          <FileInformations>
            <FileInformation>
              <Markers/>
              <Project ProjectName="JPC_EVC_VD25" ProjectDirectory="\JPC_EVC_VD25"/>
              <File FileName="DIAG_OBJ_EVC_VD25_CLIO5_10230.xml" FileDirectory="CFGECU\DIAG_OBJ_EVC_VD25_CLIO5_10230.xml"/>
            </FileInformation>
          </FileInformations>
          <UsageContext>
            <Contexts/>
          </UsageContext>
          <LegacyThesaurusList/>
          <TargetThesaurusList>
            <TargetThesaurus TargetThesaurusName="DICMD14"/>
          </TargetThesaurusList>
          <Response Identical="false" ProcessingStatus="ToBeProcessed"/>
        </RequestContext>
      </RequestContexts>
    </Request>
    <Request RequestText="Réinitialisation du hardware">
      <RequestContexts>
        <RequestContext>
          <UserInformation UserEMail="hassen.saidani@actia-engineering.tn" UserName="hsaidani"/>
          <OriginalText Sentence="Réinitialisation du hardware"/>
          <FileInformations>
            <FileInformation>
              <Markers/>
              <Project ProjectName="JPC_EVC_VD25" ProjectDirectory="\JPC_EVC_VD25"/>
              <File FileName="DIAG_OBJ_EVC_VD25_CLIO5_10230.xml" FileDirectory="CFGECU\DIAG_OBJ_EVC_VD25_CLIO5_10230.xml"/>
            </FileInformation>
          </FileInformations>
          <UsageContext>
            <Contexts/>
          </UsageContext>
          <LegacyThesaurusList/>
          <TargetThesaurusList>
            <TargetThesaurus TargetThesaurusName="DICMD14"/>
          </TargetThesaurusList>
          <Response Identical="false" ProcessingStatus="ToBeProcessed"/>
        </RequestContext>
      </RequestContexts>
    </Request>
    <Request RequestText="Information de la BCM non reçue par *">
      <RequestContexts>
        <RequestContext>
          <UserInformation UserEMail="hassen.saidani@actia-engineering.tn" UserName="hsaidani"/>
          <OriginalText Sentence="Information de la BCM non reçue par *"/>
          <FileInformations>
            <FileInformation>
              <Markers/>
              <Project ProjectName="JPC_EVC_VD25" ProjectDirectory="\JPC_EVC_VD25"/>
              <File FileName="DIAG_OBJ_EVC_VD25_CLIO5_10230.xml" FileDirectory="CFGECU\DIAG_OBJ_EVC_VD25_CLIO5_10230.xml"/>
            </FileInformation>
          </FileInformations>
          <UsageContext>
            <Contexts/>
          </UsageContext>
          <LegacyThesaurusList/>
          <TargetThesaurusList>
            <TargetThesaurus TargetThesaurusName="DICMD14"/>
          </TargetThesaurusList>
          <Response Identical="false" ProcessingStatus="ToBeProcessed"/>
        </RequestContext>
      </RequestContexts>
    </Request>
    <Request RequestText="Information du * non reçue par *">
      <RequestContexts>
        <RequestContext>
          <UserInformation UserEMail="hassen.saidani@actia-engineering.tn" UserName="hsaidani"/>
          <OriginalText Sentence="Information du * non reçue par *"/>
          <FileInformations>
            <FileInformation>
              <Markers/>
              <Project ProjectName="JPC_EVC_VD25" ProjectDirectory="\JPC_EVC_VD25"/>
              <File FileName="DIAG_OBJ_EVC_VD25_CLIO5_10230.xml" FileDirectory="CFGECU\DIAG_OBJ_EVC_VD25_CLIO5_10230.xml"/>
            </FileInformation>
          </FileInformations>
          <UsageContext>
            <Contexts/>
          </UsageContext>
          <LegacyThesaurusList/>
          <TargetThesaurusList>
            <TargetThesaurus TargetThesaurusName="DICMD14"/>
          </TargetThesaurusList>
          <Response Identical="false" ProcessingStatus="ToBeProcessed"/>
        </RequestContext>
      </RequestContexts>
    </Request>
    <Request RequestText="Relais de traction hybride">
      <RequestContexts>
        <RequestContext>
          <UserInformation UserEMail="hassen.saidani@actia-engineering.tn" UserName="hsaidani"/>
          <OriginalText Sentence="Relais de traction hybride"/>
          <FileInformations>
            <FileInformation>
              <Markers/>
              <Project ProjectName="JPC_EVC_VD25" ProjectDirectory="\JPC_EVC_VD25"/>
              <File FileName="DIAG_OBJ_EVC_VD25_CLIO5_10230.xml" FileDirectory="CFGECU\DIAG_OBJ_EVC_VD25_CLIO5_10230.xml"/>
            </FileInformation>
          </FileInformations>
          <UsageContext>
            <Contexts/>
          </UsageContext>
          <LegacyThesaurusList/>
          <TargetThesaurusList>
            <TargetThesaurus TargetThesaurusName="DICMD14"/>
          </TargetThesaurusList>
          <Response Identical="false" ProcessingStatus="ToBeProcessed"/>
        </RequestContext>
      </RequestContexts>
    </Request>
  </RequestList>
</UserThesauRequest>

